{
    "model_name": "Basic Model (without lab values)",
    "best_model": "Logistic Regression",
    "best_model_type": "LogisticRegression",
    "features": [
        "BMI",
        "SystolicBP",
        "DiastolicBP"
    ],
    "num_features": 3,
    "risk_labels": {
        "0": "Low",
        "1": "Moderate",
        "2": "High"
    },
    "balanced_accuracy": 0.8990990990990991,
    "accuracy": 0.898989898989899,
    "precision": 0.8993101042447244,
    "recall": 0.898989898989899,
    "f1_score": 0.8989034372194258,
    "scaler_used": true,
    "use_case": "When laboratory results (blood sugar, hemoglobin) are unavailable",
    "feature_ranges": {
        "BMI": {
            "min": 18.5,
            "max": 35.0,
            "mean": 26.362778904665316,
            "std": 4.670191029234712
        },
        "SystolicBP": {
            "min": 90.0,
            "max": 174.0,
            "mean": 126.3316430020284,
            "std": 22.691319763904296
        },
        "DiastolicBP": {
            "min": 60.0,
            "max": 112.0,
            "mean": 82.10851926977688,
            "std": 12.969679143855181
        }
    }
}